refshort,patch_type,diversity_index,q_order,diversity_value,sd,n_pairs,habitat_amount,number_patches
Aizen_1994,continuous,alpha,q = 0,2.658584342,0.203587909,55,59.8576,20
Aizen_1994,continuous,alpha,q = 2,2.44261818,0.290419207,55,59.8576,20
Aizen_1994,continuous,gamma,q = 0,4.835353551,0.284772473,55,59.8576,20
Aizen_1994,continuous,gamma,q = 2,4.130839674,0.3985399,55,59.8576,20
Aizen_1994,continuous,beta,q = 0,1.81877004,0.179369086,55,59.8576,20
Aizen_1994,continuous,beta,q = 2,1.691152431,0.265130835,55,59.8576,20
Aizen_1994,fragmented,alpha,q = 0,2.493165121,0.386636186,231,48.9274,27
Aizen_1994,fragmented,alpha,q = 2,2.272199939,0.457952441,231,48.9274,27
Aizen_1994,fragmented,gamma,q = 0,4.486453527,0.607859081,231,48.9274,27
Aizen_1994,fragmented,gamma,q = 2,3.709211825,0.738505727,231,48.9274,27
Aizen_1994,fragmented,beta,q = 0,1.79950116,0.287978288,231,48.9274,27
Aizen_1994,fragmented,beta,q = 2,1.632431971,0.34966741,231,48.9274,27
Almeida-Gomes_2014,continuous,alpha,q = 0,2.15,0.353553391,1,84.3287,33
Almeida-Gomes_2014,continuous,alpha,q = 2,1.904761905,0.336717515,1,84.3287,33
Almeida-Gomes_2014,continuous,gamma,q = 0,2.595238095,0,1,84.3287,33
Almeida-Gomes_2014,continuous,gamma,q = 2,2.16,0,1,84.3287,33
Almeida-Gomes_2014,continuous,beta,q = 0,1.207087486,0,1,84.3287,33
Almeida-Gomes_2014,continuous,beta,q = 2,1.134,0,1,84.3287,33
Almeida-Gomes_2014,fragmented,alpha,q = 0,1.957202797,0.200545365,10,25.9426,104
Almeida-Gomes_2014,fragmented,alpha,q = 2,1.706857708,0.185557061,10,25.9426,104
Almeida-Gomes_2014,fragmented,gamma,q = 0,3.099572976,0.490978614,10,25.9426,104
Almeida-Gomes_2014,fragmented,gamma,q = 2,2.462631448,0.535131477,10,25.9426,104
Almeida-Gomes_2014,fragmented,beta,q = 0,1.583674916,0.298287041,10,25.9426,104
Almeida-Gomes_2014,fragmented,beta,q = 2,1.442786611,0.316211989,10,25.9426,104
Arroyo_Rodriguez_2016,continuous,alpha,q = 0,11.45276578,1.169336572,3,85.6412,22
Arroyo_Rodriguez_2016,continuous,alpha,q = 2,4.585944013,0.375792548,3,85.6412,22
Arroyo_Rodriguez_2016,continuous,gamma,q = 0,17.358921,1.034179291,3,85.6412,22
Arroyo_Rodriguez_2016,continuous,gamma,q = 2,5.310903134,0.559215801,3,85.6412,22
Arroyo_Rodriguez_2016,continuous,beta,q = 0,1.515696848,0.222626378,3,85.6412,22
Arroyo_Rodriguez_2016,continuous,beta,q = 2,1.158082855,0.117993071,3,85.6412,22
Arroyo_Rodriguez_2016,fragmented,alpha,q = 0,9.894401474,1.151879118,66,57.4243,71
Arroyo_Rodriguez_2016,fragmented,alpha,q = 2,4.859011749,0.981411033,66,57.4243,71
Arroyo_Rodriguez_2016,fragmented,gamma,q = 0,13.75486375,1.220040898,66,57.4243,71
Arroyo_Rodriguez_2016,fragmented,gamma,q = 2,5.712679133,0.957525484,66,57.4243,71
Arroyo_Rodriguez_2016,fragmented,beta,q = 0,1.390166327,0.157699741,66,57.4243,71
Arroyo_Rodriguez_2016,fragmented,beta,q = 2,1.17568745,0.232845149,66,57.4243,71
Banks_Leite_2009,continuous,alpha,q = 0,20.3890853,0.949585761,6,87.1646,4
Banks_Leite_2009,continuous,alpha,q = 2,15.41219262,1.149899406,6,87.1646,4
Banks_Leite_2009,continuous,gamma,q = 0,34.02663763,1.409630176,6,87.1646,4
Banks_Leite_2009,continuous,gamma,q = 2,22.62999459,1.184649814,6,87.1646,4
Banks_Leite_2009,continuous,beta,q = 0,1.668865333,0.048770386,6,87.1646,4
Banks_Leite_2009,continuous,beta,q = 2,1.468317659,0.048948467,6,87.1646,4
Banks_Leite_2009,fragmented,alpha,q = 0,19.49315833,2.001848923,171,40.2046,84
Banks_Leite_2009,fragmented,alpha,q = 2,14.33050461,2.072429994,171,40.2046,84
Banks_Leite_2009,fragmented,gamma,q = 0,32.49103712,2.517101302,171,40.2046,84
Banks_Leite_2009,fragmented,gamma,q = 2,20.52412353,2.159134029,171,40.2046,84
Banks_Leite_2009,fragmented,beta,q = 0,1.666791834,0.195800618,171,40.2046,84
Banks_Leite_2009,fragmented,beta,q = 2,1.432198244,0.263061198,171,40.2046,84
Bernard_2007,continuous,alpha,q = 0,8.077153459,0.769138098,10,83.4861,9
Bernard_2007,continuous,alpha,q = 2,4.502754435,0.622624655,10,83.4861,9
Bernard_2007,continuous,gamma,q = 0,15.21219919,1.435196866,10,83.4861,9
Bernard_2007,continuous,gamma,q = 2,5.557006158,0.770908956,10,83.4861,9
Bernard_2007,continuous,beta,q = 0,1.883361418,0.122256786,10,83.4861,9
Bernard_2007,continuous,beta,q = 2,1.234134847,0.14704991,10,83.4861,9
Bernard_2007,fragmented,alpha,q = 0,8.359437067,1.241390468,66,34.0919,33.5
Bernard_2007,fragmented,alpha,q = 2,5.507615037,1.099126375,66,34.0919,33.5
Bernard_2007,fragmented,gamma,q = 0,13.76952166,1.743607638,66,34.0919,33.5
Bernard_2007,fragmented,gamma,q = 2,7.206310099,1.36660479,66,34.0919,33.5
Bernard_2007,fragmented,beta,q = 0,1.647182884,0.256441387,66,34.0919,33.5
Bernard_2007,fragmented,beta,q = 2,1.308426615,0.318191853,66,34.0919,33.5
Bogoni_2016,continuous,alpha,q = 0,11.76829084,2.42655437,10,92.4225,3
Bogoni_2016,continuous,alpha,q = 2,6.663628742,2.326928902,10,92.4225,3
Bogoni_2016,continuous,gamma,q = 0,16.97471469,1.920114613,10,92.4225,3
Bogoni_2016,continuous,gamma,q = 2,8.143808301,2.182585238,10,92.4225,3
Bogoni_2016,continuous,beta,q = 0,1.442411216,0.238941577,10,92.4225,3
Bogoni_2016,continuous,beta,q = 2,1.222128155,0.574940526,10,92.4225,3
Bogoni_2016,fragmented,alpha,q = 0,10.60790214,0.551004674,3,82.1206,25
Bogoni_2016,fragmented,alpha,q = 2,4.756031158,1.556566382,3,82.1206,25
Bogoni_2016,fragmented,gamma,q = 0,15.00214945,0.696433006,3,82.1206,25
Bogoni_2016,fragmented,gamma,q = 2,7.118244328,1.523699684,3,82.1206,25
Bogoni_2016,fragmented,beta,q = 0,1.414242821,0.076146311,3,82.1206,25
Bogoni_2016,fragmented,beta,q = 2,1.496677396,0.292177483,3,82.1206,25
Bolger_1997,continuous,alpha,q = 0,1.83548008,0.142067863,3,40.0291,199
Bolger_1997,continuous,alpha,q = 2,1.530339146,0.124512797,3,40.0291,199
Bolger_1997,continuous,gamma,q = 0,2.530385864,0.176436945,3,40.0291,199
Bolger_1997,continuous,gamma,q = 2,1.847671407,0.114106525,3,40.0291,199
Bolger_1997,continuous,beta,q = 0,1.3785962,0.095893371,3,40.0291,199
Bolger_1997,continuous,beta,q = 2,1.207360742,0.070692182,3,40.0291,199
Bolger_1997,fragmented,alpha,q = 0,1.948661098,0.239671662,105,28.9242,202
Bolger_1997,fragmented,alpha,q = 2,1.656905183,0.208336689,105,28.9242,202
Bolger_1997,fragmented,gamma,q = 0,2.99256588,0.444442811,105,28.9242,202
Bolger_1997,fragmented,gamma,q = 2,2.230476185,0.369858133,105,28.9242,202
Bolger_1997,fragmented,beta,q = 0,1.535703608,0.23835719,105,28.9242,202
Bolger_1997,fragmented,beta,q = 2,1.346170081,0.225776864,105,28.9242,202
Bossart_2006,continuous,alpha,q = 0,41.00896206,2.009151145,1,69.5881,49.5
Bossart_2006,continuous,alpha,q = 2,13.44847485,4.790258063,1,69.5881,49.5
Bossart_2006,continuous,gamma,q = 0,54.77460991,0,1,69.5881,49.5
Bossart_2006,continuous,gamma,q = 2,17.96728445,0,1,69.5881,49.5
Bossart_2006,continuous,beta,q = 0,1.335674135,0,1,69.5881,49.5
Bossart_2006,continuous,beta,q = 2,1.336009075,0,1,69.5881,49.5
Bossart_2006,fragmented,alpha,q = 0,27.63317469,2.819730219,6,7.6417,136
Bossart_2006,fragmented,alpha,q = 2,9.146310002,2.484425018,6,7.6417,136
Bossart_2006,fragmented,gamma,q = 0,42.71342934,1.422619625,6,7.6417,136
Bossart_2006,fragmented,gamma,q = 2,9.927999506,2.085188883,6,7.6417,136
Bossart_2006,fragmented,beta,q = 0,1.545730081,0.167884084,6,7.6417,136
Bossart_2006,fragmented,beta,q = 2,1.085465013,0.241569992,6,7.6417,136
Bossart_2016,continuous,alpha,q = 0,54.58953931,0.475004738,1,75.1473,72
Bossart_2016,continuous,alpha,q = 2,16.53803127,4.036259927,1,75.1473,72
Bossart_2016,continuous,gamma,q = 0,74.05985926,0,1,75.1473,72
Bossart_2016,continuous,gamma,q = 2,19.57493393,0,1,75.1473,72
Bossart_2016,continuous,beta,q = 0,1.3566676,0,1,75.1473,72
Bossart_2016,continuous,beta,q = 2,1.18363145,0,1,75.1473,72
Bossart_2016,fragmented,alpha,q = 0,45.35948431,4.742509889,10,65.7326,31
Bossart_2016,fragmented,alpha,q = 2,13.85370067,3.81350855,10,65.7326,31
Bossart_2016,fragmented,gamma,q = 0,61.36717023,3.464724243,10,65.7326,31
Bossart_2016,fragmented,gamma,q = 2,16.26953401,2.83433899,10,65.7326,31
Bossart_2016,fragmented,beta,q = 0,1.352907141,0.124404571,10,65.7326,31
Bossart_2016,fragmented,beta,q = 2,1.174381806,0.367004311,10,65.7326,31
Bragagnolo_2007,continuous,alpha,q = 0,8.991326225,2.289372624,28,87.84845,7
Bragagnolo_2007,continuous,alpha,q = 2,3.785646813,1.094293599,28,87.84845,7
Bragagnolo_2007,continuous,gamma,q = 0,14.81957232,2.409609443,28,87.84845,7
Bragagnolo_2007,continuous,gamma,q = 2,4.038109435,0.9317573,28,87.84845,7
Bragagnolo_2007,continuous,beta,q = 0,1.648207611,0.311911853,28,87.84845,7
Bragagnolo_2007,continuous,beta,q = 2,1.066689428,0.194033408,28,87.84845,7
Bragagnolo_2007,fragmented,alpha,q = 0,5.102399142,0.932009511,28,43.88635,73
Bragagnolo_2007,fragmented,alpha,q = 2,2.090140413,0.174299987,28,43.88635,73
Bragagnolo_2007,fragmented,gamma,q = 0,8.138990533,1.057709838,28,43.88635,73
Bragagnolo_2007,fragmented,gamma,q = 2,2.328190325,0.356040967,28,43.88635,73
Bragagnolo_2007,fragmented,beta,q = 0,1.595130116,0.296360759,28,43.88635,73
Bragagnolo_2007,fragmented,beta,q = 2,1.113891827,0.178903926,28,43.88635,73
Cayuela_2006,continuous,alpha,q = 0,36.49249283,15.74163088,28,66.3528,50
Cayuela_2006,continuous,alpha,q = 2,11.42284793,7.204947669,28,66.3528,50
Cayuela_2006,continuous,gamma,q = 0,62.09133967,22.3842069,28,66.3528,50
Cayuela_2006,continuous,gamma,q = 2,15.26486815,7.094650397,28,66.3528,50
Cayuela_2006,continuous,beta,q = 0,1.701482548,0.412439712,28,66.3528,50
Cayuela_2006,continuous,beta,q = 2,1.336345213,0.433215909,28,66.3528,50
Cayuela_2006,fragmented,alpha,q = 0,34.04840256,13.03806491,15,65.20295,51
Cayuela_2006,fragmented,alpha,q = 2,10.46602901,3.904690146,15,65.20295,51
Cayuela_2006,fragmented,gamma,q = 0,60.4263235,15.45548443,15,65.20295,51
Cayuela_2006,fragmented,gamma,q = 2,17.27245909,4.672327079,15,65.20295,51
Cayuela_2006,fragmented,beta,q = 0,1.774718312,0.900624175,15,65.20295,51
Cayuela_2006,fragmented,beta,q = 2,1.650335488,1.252758337,15,65.20295,51
Chiarello_1999,continuous,alpha,q = 0,9.475365903,0.523658688,1,94.2573,17
Chiarello_1999,continuous,alpha,q = 2,4.411804272,1.113309922,1,94.2573,17
Chiarello_1999,continuous,gamma,q = 0,11.93797695,0,1,94.2573,17
Chiarello_1999,continuous,gamma,q = 2,4.770112024,0,1,94.2573,17
Chiarello_1999,continuous,beta,q = 0,1.259896142,0,1,94.2573,17
Chiarello_1999,continuous,beta,q = 2,1.081215696,0,1,94.2573,17
Chiarello_1999,fragmented,alpha,q = 0,9.991300173,0.452705689,6,91.29295,7
Chiarello_1999,fragmented,alpha,q = 2,3.024721423,0.5868005,6,91.29295,7
Chiarello_1999,fragmented,gamma,q = 0,15.60231841,1.35740512,6,91.29295,7
Chiarello_1999,fragmented,gamma,q = 2,3.607102316,0.544337035,6,91.29295,7
Chiarello_1999,fragmented,beta,q = 0,1.561590398,0.156999761,6,91.29295,7
Chiarello_1999,fragmented,beta,q = 2,1.192540341,0.270752165,6,91.29295,7
Develey_2004,continuous,alpha,q = 0,46.27354342,3.364958615,6,67.04645,27.5
Develey_2004,continuous,alpha,q = 2,29.29133102,3.058997148,6,67.04645,27.5
Develey_2004,continuous,gamma,q = 0,65.92848614,2.762120042,6,67.04645,27.5
Develey_2004,continuous,gamma,q = 2,35.56165728,2.83953781,6,67.04645,27.5
Develey_2004,continuous,beta,q = 0,1.424755514,0.05469331,6,67.04645,27.5
Develey_2004,continuous,beta,q = 2,1.214067645,0.080487265,6,67.04645,27.5
Develey_2004,fragmented,alpha,q = 0,38.96979748,4.195742027,190,38.6031,72
Develey_2004,fragmented,alpha,q = 2,24.35868704,3.00868132,190,38.6031,72
Develey_2004,fragmented,gamma,q = 0,53.94013463,4.842929973,190,38.6031,72
Develey_2004,fragmented,gamma,q = 2,29.74757826,2.803691361,190,38.6031,72
Develey_2004,fragmented,beta,q = 0,1.384152295,0.112172154,190,38.6031,72
Develey_2004,fragmented,beta,q = 2,1.221230775,0.112462663,190,38.6031,72
Didham_1999,continuous,alpha,q = 0,45.07647511,4.552195406,378,90.2081,6.5
Didham_1999,continuous,alpha,q = 2,23.96535933,6.912706411,378,90.2081,6.5
Didham_1999,continuous,gamma,q = 0,83.6265833,6.687304587,378,90.2081,6.5
Didham_1999,continuous,gamma,q = 2,35.68497892,8.147948934,378,90.2081,6.5
Didham_1999,continuous,beta,q = 0,1.855215677,0.156832313,378,90.2081,6.5
Didham_1999,continuous,beta,q = 2,1.489023321,0.392051442,378,90.2081,6.5
Didham_1999,fragmented,alpha,q = 0,48.81356488,3.163608883,153,69.46755,50.5
Didham_1999,fragmented,alpha,q = 2,28.52125538,5.996813592,153,69.46755,50.5
Didham_1999,fragmented,gamma,q = 0,91.60465324,4.740660349,153,69.46755,50.5
Didham_1999,fragmented,gamma,q = 2,43.69609181,6.885880803,153,69.46755,50.5
Didham_1999,fragmented,beta,q = 0,1.876622891,0.109461484,153,69.46755,50.5
Didham_1999,fragmented,beta,q = 2,1.532053594,0.296119315,153,69.46755,50.5
Fujita_2008,continuous,alpha,q = 0,5.789457036,0.470413189,3,70.1775,18
Fujita_2008,continuous,alpha,q = 2,3.54211001,0.443321262,3,70.1775,18
Fujita_2008,continuous,gamma,q = 0,9.819891472,0.352842607,3,70.1775,18
Fujita_2008,continuous,gamma,q = 2,4.944670499,1.134537048,3,70.1775,18
Fujita_2008,continuous,beta,q = 0,1.69616795,0.102323847,3,70.1775,18
Fujita_2008,continuous,beta,q = 2,1.395967512,0.301128117,3,70.1775,18
Fujita_2008,fragmented,alpha,q = 0,3.350772453,1.034303575,28,19.8497,75.5
Fujita_2008,fragmented,alpha,q = 2,1.665984323,0.549425555,28,19.8497,75.5
Fujita_2008,fragmented,gamma,q = 0,5.921525496,1.544568619,28,19.8497,75.5
Fujita_2008,fragmented,gamma,q = 2,2.026320009,0.879206872,28,19.8497,75.5
Fujita_2008,fragmented,beta,q = 0,1.767212062,0.480151919,28,19.8497,75.5
Fujita_2008,fragmented,beta,q = 2,1.216289962,0.580927536,28,19.8497,75.5
Garmendia_etal_2013,continuous,alpha,q = 0,2.540423882,0.038260816,6,90.26865,13
Garmendia_etal_2013,continuous,alpha,q = 2,2.264628344,0.064850289,6,90.26865,13
Garmendia_etal_2013,continuous,gamma,q = 0,4.318699403,0.100966637,6,90.26865,13
Garmendia_etal_2013,continuous,gamma,q = 2,3.494879027,0.197151929,6,90.26865,13
Garmendia_etal_2013,continuous,beta,q = 0,1.699991656,0.053599386,6,90.26865,13
Garmendia_etal_2013,continuous,beta,q = 2,1.543246174,0.097877424,6,90.26865,13
Garmendia_etal_2013,fragmented,alpha,q = 0,2.573770471,0.225474501,276,65.1344,64
Garmendia_etal_2013,fragmented,alpha,q = 2,2.341048297,0.29830221,276,65.1344,64
Garmendia_etal_2013,fragmented,gamma,q = 0,4.305299021,0.412433531,276,65.1344,64
Garmendia_etal_2013,fragmented,gamma,q = 2,3.539886056,0.4917984,276,65.1344,64
Garmendia_etal_2013,fragmented,beta,q = 0,1.672759506,0.152674151,276,65.1344,64
Garmendia_etal_2013,fragmented,beta,q = 2,1.512094415,0.187277793,276,65.1344,64
Gaublomme_2008,continuous,alpha,q = 0,49.7011401,9.476843207,1,82.8228,17
Gaublomme_2008,continuous,alpha,q = 2,11.61304598,7.175106351,1,82.8228,17
Gaublomme_2008,continuous,gamma,q = 0,71.57143323,0,1,82.8228,17
Gaublomme_2008,continuous,gamma,q = 2,14.24693363,0,1,82.8228,17
Gaublomme_2008,continuous,beta,q = 0,1.440036045,0,1,82.8228,17
Gaublomme_2008,continuous,beta,q = 2,1.226804204,0,1,82.8228,17
Gaublomme_2008,fragmented,alpha,q = 0,27.47325134,10.46573625,55,54.9315,97
Gaublomme_2008,fragmented,alpha,q = 2,3.430843063,1.954892844,55,54.9315,97
Gaublomme_2008,fragmented,gamma,q = 0,44.36270248,10.66895167,55,54.9315,97
Gaublomme_2008,fragmented,gamma,q = 2,3.438875259,1.44955654,55,54.9315,97
Gaublomme_2008,fragmented,beta,q = 0,1.614759823,0.582637213,55,54.9315,97
Gaublomme_2008,fragmented,beta,q = 2,1.002341173,0.57264664,55,54.9315,97
Gibb_2002,continuous,alpha,q = 0,10.51266391,0.926482919,3,74.8572,17.5
Gibb_2002,continuous,alpha,q = 2,5.763642518,1.396993027,3,74.8572,17.5
Gibb_2002,continuous,gamma,q = 0,18.13521459,1.707402817,3,74.8572,17.5
Gibb_2002,continuous,gamma,q = 2,9.11590091,2.087799517,3,74.8572,17.5
Gibb_2002,continuous,beta,q = 0,1.725082694,0.20424989,3,74.8572,17.5
Gibb_2002,continuous,beta,q = 2,1.581621497,0.439533601,3,74.8572,17.5
Gibb_2002,fragmented,alpha,q = 0,7.13171227,1.812160762,66,10.5883,42
Gibb_2002,fragmented,alpha,q = 2,3.332694776,1.342849914,66,10.5883,42
Gibb_2002,fragmented,gamma,q = 0,12.03661918,2.501154934,66,10.5883,42
Gibb_2002,fragmented,gamma,q = 2,3.934045308,1.61813866,66,10.5883,42
Gibb_2002,fragmented,beta,q = 0,1.687760067,0.439269879,66,10.5883,42
Gibb_2002,fragmented,beta,q = 2,1.180439726,0.413838993,66,10.5883,42
Goodman_2000,continuous,alpha,q = 0,3.209209108,0.145582099,3,61.1773,27
Goodman_2000,continuous,alpha,q = 2,2.515168268,0.055026405,3,61.1773,27
Goodman_2000,continuous,gamma,q = 0,5.089917437,0.136876606,3,61.1773,27
Goodman_2000,continuous,gamma,q = 2,3.179823605,0.031179618,3,61.1773,27
Goodman_2000,continuous,beta,q = 0,1.586034835,0.130835776,3,61.1773,27
Goodman_2000,continuous,beta,q = 2,1.264258795,0.047859252,3,61.1773,27
Goodman_2000,fragmented,alpha,q = 0,2.652323425,0.543698756,15,17.77455,75
Goodman_2000,fragmented,alpha,q = 2,2.010399832,0.290033468,15,17.77455,75
Goodman_2000,fragmented,gamma,q = 0,3.996921305,0.823308852,15,17.77455,75
Goodman_2000,fragmented,gamma,q = 2,2.389559428,0.354795977,15,17.77455,75
Goodman_2000,fragmented,beta,q = 0,1.50695095,0.24566994,15,17.77455,75
Goodman_2000,fragmented,beta,q = 2,1.188599098,0.174139075,15,17.77455,75
Lima_1999_a,continuous,alpha,q = 0,3.924630146,0.265888807,6,93.79085,7.5
Lima_1999_a,continuous,alpha,q = 2,2.840458455,0.499735456,6,93.79085,7.5
Lima_1999_a,continuous,gamma,q = 0,5.756106379,0.306935899,6,93.79085,7.5
Lima_1999_a,continuous,gamma,q = 2,3.078464367,0.229521946,6,93.79085,7.5
Lima_1999_a,continuous,beta,q = 0,1.466662122,0.077342165,6,93.79085,7.5
Lima_1999_a,continuous,beta,q = 2,1.083791372,0.129805368,6,93.79085,7.5
Lima_1999_a,fragmented,alpha,q = 0,4.181413649,0.615106464,6,98.97095,1
Lima_1999_a,fragmented,alpha,q = 2,2.602840921,0.631030912,6,98.97095,1
Lima_1999_a,fragmented,gamma,q = 0,6.200783556,0.414230106,6,98.97095,1
Lima_1999_a,fragmented,gamma,q = 2,2.959810683,0.732001015,6,98.97095,1
Lima_1999_a,fragmented,beta,q = 0,1.482939522,0.216175894,6,98.97095,1
Lima_1999_a,fragmented,beta,q = 2,1.137146208,0.393161274,6,98.97095,1
Lima_1999_b,continuous,alpha,q = 0,3.419508252,0.44569115,6,89.1784,15.5
Lima_1999_b,continuous,alpha,q = 2,2.919868978,0.378203309,6,89.1784,15.5
Lima_1999_b,continuous,gamma,q = 0,6.969558995,0.915599107,6,89.1784,15.5
Lima_1999_b,continuous,gamma,q = 2,4.77478354,0.963499131,6,89.1784,15.5
Lima_1999_b,continuous,beta,q = 0,2.038175808,0.325211207,6,89.1784,15.5
Lima_1999_b,continuous,beta,q = 2,1.635273218,0.362970001,6,89.1784,15.5
Lima_1999_b,fragmented,alpha,q = 0,3.364707309,0.836740449,6,97.56705,5
Lima_1999_b,fragmented,alpha,q = 2,2.890036211,0.627479103,6,97.56705,5
Lima_1999_b,fragmented,gamma,q = 0,7.996118915,0.5927917,6,97.56705,5
Lima_1999_b,fragmented,gamma,q = 2,5.585205006,0.934726907,6,97.56705,5
Lima_1999_b,fragmented,beta,q = 0,2.376467901,0.827409376,6,97.56705,5
Lima_1999_b,fragmented,beta,q = 2,1.932572673,0.389339549,6,97.56705,5
Magnago_2015,continuous,alpha,q = 0,5.453811545,0.375738195,1225,99.66245,1.5
Magnago_2015,continuous,alpha,q = 2,5.050668691,0.574877043,1225,99.66245,1.5
Magnago_2015,continuous,gamma,q = 0,11.98092971,0.835360467,1225,99.66245,1.5
Magnago_2015,continuous,gamma,q = 2,10.45395758,1.342787679,1225,99.66245,1.5
Magnago_2015,continuous,beta,q = 0,2.196799361,0.133525514,1225,99.66245,1.5
Magnago_2015,continuous,beta,q = 2,2.069816538,0.225954709,1225,99.66245,1.5
Magnago_2015,fragmented,alpha,q = 0,5.403227026,0.524367721,3160,55.2041,58
Magnago_2015,fragmented,alpha,q = 2,4.981139841,0.781601204,3160,55.2041,58
Magnago_2015,fragmented,gamma,q = 0,11.96473063,0.987936835,3160,55.2041,58
Magnago_2015,fragmented,gamma,q = 2,10.34143423,1.680161281,3160,55.2041,58
Magnago_2015,fragmented,beta,q = 0,2.214367557,0.218910899,3160,55.2041,58
Magnago_2015,fragmented,beta,q = 2,2.076118028,0.365003965,3160,55.2041,58
Montgomery_2014,continuous,alpha,q = 0,8.998833442,0.316311734,3,99.9444,1
Montgomery_2014,continuous,alpha,q = 2,4.623321033,0.741563381,3,99.9444,1
Montgomery_2014,continuous,gamma,q = 0,15.80799288,0.790452984,3,99.9444,1
Montgomery_2014,continuous,gamma,q = 2,6.170198375,1.293261958,3,99.9444,1
Montgomery_2014,continuous,beta,q = 0,1.756671348,0.101194621,3,99.9444,1
Montgomery_2014,continuous,beta,q = 2,1.334581425,0.071046873,3,99.9444,1
Montgomery_2014,fragmented,alpha,q = 0,7.263623138,1.57670115,105,88.7071,6
Montgomery_2014,fragmented,alpha,q = 2,4.241012501,1.553520788,105,88.7071,6
Montgomery_2014,fragmented,gamma,q = 0,13.25723112,2.533247362,105,88.7071,6
Montgomery_2014,fragmented,gamma,q = 2,6.800076073,2.226066798,105,88.7071,6
Montgomery_2014,fragmented,beta,q = 0,1.825154041,0.461007062,105,88.7071,6
Montgomery_2014,fragmented,beta,q = 2,1.603408637,0.938936581,105,88.7071,6
Nemesio_2010,continuous,alpha,q = 0,5.617395405,1.102838028,3,56.1833,52
Nemesio_2010,continuous,alpha,q = 2,3.699403969,1.604778463,3,56.1833,52
Nemesio_2010,continuous,gamma,q = 0,7.863827667,0.118872557,3,56.1833,52
Nemesio_2010,continuous,gamma,q = 2,3.343501939,0.869943785,3,56.1833,52
Nemesio_2010,continuous,beta,q = 0,1.39990638,0.087036643,3,56.1833,52
Nemesio_2010,continuous,beta,q = 2,0.903794765,0.122268637,3,56.1833,52
Nemesio_2010,fragmented,alpha,q = 0,4.953886536,0.787915645,28,21.4249,52
Nemesio_2010,fragmented,alpha,q = 2,2.750149724,0.647795479,28,21.4249,52
Nemesio_2010,fragmented,gamma,q = 0,7.053299658,0.740483755,28,21.4249,52
Nemesio_2010,fragmented,gamma,q = 2,3.065870838,0.636131255,28,21.4249,52
Nemesio_2010,fragmented,beta,q = 0,1.42379112,0.217201997,28,21.4249,52
Nemesio_2010,fragmented,beta,q = 2,1.114801427,0.286385483,28,21.4249,52
Nogueira_2016,continuous,alpha,q = 0,30.31135488,5.495440602,28,87.66415,7.5
Nogueira_2016,continuous,alpha,q = 2,13.51217235,5.337982922,28,87.66415,7.5
Nogueira_2016,continuous,gamma,q = 0,49.10092193,5.530107917,28,87.66415,7.5
Nogueira_2016,continuous,gamma,q = 2,16.2778901,4.906993113,28,87.66415,7.5
Nogueira_2016,continuous,beta,q = 0,1.619885423,0.271824762,28,87.66415,7.5
Nogueira_2016,continuous,beta,q = 2,1.204683428,0.432453933,28,87.66415,7.5
Nogueira_2016,fragmented,alpha,q = 0,30.94242054,3.714269673,28,40.9998,97
Nogueira_2016,fragmented,alpha,q = 2,14.26292517,4.319048878,28,40.9998,97
Nogueira_2016,fragmented,gamma,q = 0,48.59005697,4.304308595,28,40.9998,97
Nogueira_2016,fragmented,gamma,q = 2,17.56074513,3.878478132,28,40.9998,97
Nogueira_2016,fragmented,beta,q = 0,1.570337942,0.107901095,28,40.9998,97
Nogueira_2016,fragmented,beta,q = 2,1.231216242,0.23369428,28,40.9998,97
Pinho_2019c,continuous,alpha,q = 0,15.03741902,2.892633645,666,76.3274,23
Pinho_2019c,continuous,alpha,q = 2,9.031224991,2.938373486,666,76.3274,23
Pinho_2019c,continuous,gamma,q = 0,30.83409746,4.204958336,666,76.3274,23
Pinho_2019c,continuous,gamma,q = 2,15.29794151,4.514257769,666,76.3274,23
Pinho_2019c,continuous,beta,q = 0,2.050491338,0.243546899,666,76.3274,23
Pinho_2019c,continuous,beta,q = 2,1.693894408,0.38073166,666,76.3274,23
Pinho_2019c,fragmented,alpha,q = 0,13.31208202,2.399506891,190,27.63495,75
Pinho_2019c,fragmented,alpha,q = 2,8.359260331,2.238239677,190,27.63495,75
Pinho_2019c,fragmented,gamma,q = 0,25.79803835,4.401687,190,27.63495,75
Pinho_2019c,fragmented,gamma,q = 2,13.45259316,3.514272093,190,27.63495,75
Pinho_2019c,fragmented,beta,q = 0,1.937941662,0.386338167,190,27.63495,75
Pinho_2019c,fragmented,beta,q = 2,1.609304247,0.455396549,190,27.63495,75
Pinho_2019d,continuous,alpha,q = 0,25.92290728,6.850296353,528,99.9691,1
Pinho_2019d,continuous,alpha,q = 2,14.05280379,6.234761676,528,99.9691,1
Pinho_2019d,continuous,gamma,q = 0,65.36754814,13.38462639,528,99.9691,1
Pinho_2019d,continuous,gamma,q = 2,24.6175721,9.922788051,528,99.9691,1
Pinho_2019d,continuous,beta,q = 0,2.521613315,1.107972124,528,99.9691,1
Pinho_2019d,continuous,beta,q = 2,1.75179078,2.065877011,528,99.9691,1
Pinho_2019d,fragmented,alpha,q = 0,21.56850597,5.008357373,120,41.5966,90.5
Pinho_2019d,fragmented,alpha,q = 2,10.41652213,4.32648039,120,41.5966,90.5
Pinho_2019d,fragmented,gamma,q = 0,48.91129688,8.083113258,120,41.5966,90.5
Pinho_2019d,fragmented,gamma,q = 2,17.39760004,5.779897417,120,41.5966,90.5
Pinho_2019d,fragmented,beta,q = 0,2.267718355,0.487601121,120,41.5966,90.5
Pinho_2019d,fragmented,beta,q = 2,1.67019278,0.625239197,120,41.5966,90.5
Pinho_2019e,continuous,alpha,q = 0,26.19045032,2.894735056,78,83.2301,30
Pinho_2019e,continuous,alpha,q = 2,20.50633859,4.65386973,78,83.2301,30
Pinho_2019e,continuous,gamma,q = 0,49.38280809,4.141787253,78,83.2301,30
Pinho_2019e,continuous,gamma,q = 2,35.04514962,8.161718874,78,83.2301,30
Pinho_2019e,continuous,beta,q = 0,1.885527262,0.172246845,78,83.2301,30
Pinho_2019e,continuous,beta,q = 2,1.708991074,0.315496727,78,83.2301,30
Pinho_2019e,fragmented,alpha,q = 0,21.66509531,4.80611044,21,32.7252,162
Pinho_2019e,fragmented,alpha,q = 2,15.5690729,6.325518029,21,32.7252,162
Pinho_2019e,fragmented,gamma,q = 0,40.53593382,6.247588161,21,32.7252,162
Pinho_2019e,fragmented,gamma,q = 2,24.02197223,9.211699415,21,32.7252,162
Pinho_2019e,fragmented,beta,q = 0,1.871024948,0.350920393,21,32.7252,162
Pinho_2019e,fragmented,beta,q = 2,1.542928881,0.501996518,21,32.7252,162
Pinho_2019f,continuous,alpha,q = 0,56.80566442,5.159015966,10,90.717,5
Pinho_2019f,continuous,alpha,q = 2,38.99981908,5.98914232,10,90.717,5
Pinho_2019f,continuous,gamma,q = 0,96.86538255,5.003823699,10,90.717,5
Pinho_2019f,continuous,gamma,q = 2,56.39138863,5.883133153,10,90.717,5
Pinho_2019f,continuous,beta,q = 0,1.7052064,0.095416063,10,90.717,5
Pinho_2019f,continuous,beta,q = 2,1.44593975,0.120827224,10,90.717,5
Pinho_2019f,fragmented,alpha,q = 0,57.58426062,2.861030562,15,82.026,13.5
Pinho_2019f,fragmented,alpha,q = 2,39.03024529,4.699505742,15,82.026,13.5
Pinho_2019f,fragmented,gamma,q = 0,100.9654807,4.624442307,15,82.026,13.5
Pinho_2019f,fragmented,gamma,q = 2,61.22583531,4.665295733,15,82.026,13.5
Pinho_2019f,fragmented,beta,q = 0,1.753352037,0.062964066,15,82.026,13.5
Pinho_2019f,fragmented,beta,q = 2,1.568676673,0.141061195,15,82.026,13.5
Raheem_2009,continuous,alpha,q = 0,6.200785566,1.085784319,630,97.1258,3
Raheem_2009,continuous,alpha,q = 2,4.245991995,1.162253841,630,97.1258,3
Raheem_2009,continuous,gamma,q = 0,11.0873976,1.607121702,630,97.1258,3
Raheem_2009,continuous,gamma,q = 2,6.250054385,1.597906208,630,97.1258,3
Raheem_2009,continuous,beta,q = 0,1.788063381,0.281832389,630,97.1258,3
Raheem_2009,continuous,beta,q = 2,1.471989206,0.390558321,630,97.1258,3
Raheem_2009,fragmented,alpha,q = 0,5.669327884,1.521783007,210,76.7984,30
Raheem_2009,fragmented,alpha,q = 2,3.803034082,1.392922963,210,76.7984,30
Raheem_2009,fragmented,gamma,q = 0,10.34251383,2.358525672,210,76.7984,30
Raheem_2009,fragmented,gamma,q = 2,5.461154231,2.361856851,210,76.7984,30
Raheem_2009,fragmented,beta,q = 0,1.824292762,0.330020929,210,76.7984,30
Raheem_2009,fragmented,beta,q = 2,1.435999287,0.410748638,210,76.7984,30
Rocha_2016,continuous,alpha,q = 0,16.20670251,1.031539873,36,99.8455,1
Rocha_2016,continuous,alpha,q = 2,6.480641935,1.656807376,36,99.8455,1
Rocha_2016,continuous,gamma,q = 0,22.24619528,1.118950008,36,99.8455,1
Rocha_2016,continuous,gamma,q = 2,6.872545021,1.484270936,36,99.8455,1
Rocha_2016,continuous,beta,q = 0,1.372654016,0.066192211,36,99.8455,1
Rocha_2016,continuous,beta,q = 2,1.060472881,0.201918786,36,99.8455,1
Rocha_2016,fragmented,alpha,q = 0,11.94352758,1.49205338,28,96.96835,1
Rocha_2016,fragmented,alpha,q = 2,3.022622131,0.734705816,28,96.96835,1
Rocha_2016,fragmented,gamma,q = 0,18.91634785,1.33248323,28,96.96835,1
Rocha_2016,fragmented,gamma,q = 2,3.075214449,0.531922007,28,96.96835,1
Rocha_2016,fragmented,beta,q = 0,1.583815814,0.190836054,28,96.96835,1
Rocha_2016,fragmented,beta,q = 2,1.017399568,0.215801725,28,96.96835,1
Safar_2022a,continuous,alpha,q = 0,2.872010002,0.11033686,1770,67.9771,51
Safar_2022a,continuous,alpha,q = 2,2.7700349,0.181718512,1770,67.9771,51
Safar_2022a,continuous,gamma,q = 0,5.612672348,0.226850716,1770,67.9771,51
Safar_2022a,continuous,gamma,q = 2,5.288568089,0.391455981,1770,67.9771,51
Safar_2022a,continuous,beta,q = 0,1.954266296,0.065525532,1770,67.9771,51
Safar_2022a,continuous,beta,q = 2,1.909206302,0.118741204,1770,67.9771,51
Safar_2022a,fragmented,alpha,q = 0,2.638526836,0.32029659,2211,56.4559,206
Safar_2022a,fragmented,alpha,q = 2,2.451332196,0.40811585,2211,56.4559,206
Safar_2022a,fragmented,gamma,q = 0,5.002765437,0.546629238,2211,56.4559,206
Safar_2022a,fragmented,gamma,q = 2,4.390075547,0.745823919,2211,56.4559,206
Safar_2022a,fragmented,beta,q = 0,1.896044933,0.272331634,2211,56.4559,206
Safar_2022a,fragmented,beta,q = 2,1.790893766,0.346875959,2211,56.4559,206
Silva_2022,continuous,alpha,q = 0,2.385469188,0.055519159,3,59.65125,61
Silva_2022,continuous,alpha,q = 2,2.069788533,0.079556593,3,59.65125,61
Silva_2022,continuous,gamma,q = 0,4.092171317,0.211635914,3,59.65125,61
Silva_2022,continuous,gamma,q = 2,3.086997636,0.268981702,3,59.65125,61
Silva_2022,continuous,beta,q = 0,1.715457629,0.09665663,3,59.65125,61
Silva_2022,continuous,beta,q = 2,1.49145557,0.147166132,3,59.65125,61
Silva_2022,fragmented,alpha,q = 0,2.47845157,0.25520446,136,20.8024,109
Silva_2022,fragmented,alpha,q = 2,2.22397939,0.349582001,136,20.8024,109
Silva_2022,fragmented,gamma,q = 0,4.386307275,0.442477374,136,20.8024,109
Silva_2022,fragmented,gamma,q = 2,3.502036598,0.466319907,136,20.8024,109
Silva_2022,fragmented,beta,q = 0,1.769777279,0.197373993,136,20.8024,109
Silva_2022,fragmented,beta,q = 2,1.574671337,0.250206528,136,20.8024,109
Soto_2022,continuous,alpha,q = 0,2.926781567,0.470188993,45,93.5593,30
Soto_2022,continuous,alpha,q = 2,2.505965957,0.471802042,45,93.5593,30
Soto_2022,continuous,gamma,q = 0,5.987606917,0.856539815,45,93.5593,30
Soto_2022,continuous,gamma,q = 2,4.48303676,0.94342036,45,93.5593,30
Soto_2022,continuous,beta,q = 0,2.045799039,0.35828177,45,93.5593,30
Soto_2022,continuous,beta,q = 2,1.788945595,0.412675941,45,93.5593,30
Soto_2022,fragmented,alpha,q = 0,2.86582791,0.362606557,55,36.8754,300
Soto_2022,fragmented,alpha,q = 2,2.432240219,0.371466868,55,36.8754,300
Soto_2022,fragmented,gamma,q = 0,5.455161139,0.861769613,55,36.8754,300
Soto_2022,fragmented,gamma,q = 2,3.982916481,0.887358577,55,36.8754,300
Soto_2022,fragmented,beta,q = 0,1.903520138,0.286058231,55,36.8754,300
Soto_2022,fragmented,beta,q = 2,1.637550621,0.331719617,55,36.8754,300
Struebig_2008,continuous,alpha,q = 0,8.949401518,0.906499628,36,99.7969,1
Struebig_2008,continuous,alpha,q = 2,5.867933305,1.177131542,36,99.7969,1
Struebig_2008,continuous,gamma,q = 0,13.88050067,1.041564751,36,99.7969,1
Struebig_2008,continuous,gamma,q = 2,8.182608186,1.429969692,36,99.7969,1
Struebig_2008,continuous,beta,q = 0,1.550997644,0.141271202,36,99.7969,1
Struebig_2008,continuous,beta,q = 2,1.394461689,0.24617638,36,99.7969,1
Struebig_2008,fragmented,alpha,q = 0,8.13606122,1.571167423,45,79.26335,32.5
Struebig_2008,fragmented,alpha,q = 2,5.330479123,1.180818685,45,79.26335,32.5
Struebig_2008,fragmented,gamma,q = 0,13.48549518,1.757620248,45,79.26335,32.5
Struebig_2008,fragmented,gamma,q = 2,7.805259436,1.507116639,45,79.26335,32.5
Struebig_2008,fragmented,beta,q = 0,1.657496769,0.348606967,45,79.26335,32.5
Struebig_2008,fragmented,beta,q = 2,1.464269769,0.355061878,45,79.26335,32.5
Uehara_Prado_2007,continuous,alpha,q = 0,21.72517156,1.07179972,6,92.89455,7
Uehara_Prado_2007,continuous,alpha,q = 2,7.059773258,1.555957937,6,92.89455,7
Uehara_Prado_2007,continuous,gamma,q = 0,38.46871203,2.032211885,6,92.89455,7
Uehara_Prado_2007,continuous,gamma,q = 2,8.378301467,1.937294601,6,92.89455,7
Uehara_Prado_2007,continuous,beta,q = 0,1.770697733,0.119270426,6,92.89455,7
Uehara_Prado_2007,continuous,beta,q = 2,1.186766368,0.222781889,6,92.89455,7
Uehara_Prado_2007,fragmented,alpha,q = 0,22.6766337,2.433556337,10,49.5659,66
Uehara_Prado_2007,fragmented,alpha,q = 2,7.193315622,1.661964547,10,49.5659,66
Uehara_Prado_2007,fragmented,gamma,q = 0,39.88150682,2.739310414,10,49.5659,66
Uehara_Prado_2007,fragmented,gamma,q = 2,8.091559212,1.539652123,10,49.5659,66
Uehara_Prado_2007,fragmented,beta,q = 0,1.758704901,0.214541232,10,49.5659,66
Uehara_Prado_2007,fragmented,beta,q = 2,1.124871984,0.248335101,10,49.5659,66
Vasconcelos_2006,continuous,alpha,q = 0,23.9581587,3.357184059,28,82.95295,5
Vasconcelos_2006,continuous,alpha,q = 2,14.01319218,4.673099087,28,82.95295,5
Vasconcelos_2006,continuous,gamma,q = 0,38.79534351,3.13078373,28,82.95295,5
Vasconcelos_2006,continuous,gamma,q = 2,18.72585613,4.876503249,28,82.95295,5
Vasconcelos_2006,continuous,beta,q = 0,1.619295706,0.281595555,28,82.95295,5
Vasconcelos_2006,continuous,beta,q = 2,1.336301957,0.697413549,28,82.95295,5
Vasconcelos_2006,fragmented,alpha,q = 0,23.94806842,3.107512923,325,42.95585,27
Vasconcelos_2006,fragmented,alpha,q = 2,14.50204281,3.351979613,325,42.95585,27
Vasconcelos_2006,fragmented,gamma,q = 0,38.3329878,3.661340936,325,42.95585,27
Vasconcelos_2006,fragmented,gamma,q = 2,19.54391234,4.01544222,325,42.95585,27
Vasconcelos_2006,fragmented,beta,q = 0,1.600671383,0.16851389,325,42.95585,27
Vasconcelos_2006,fragmented,beta,q = 2,1.34766616,0.272011647,325,42.95585,27
